,11月8日,11月9日,11月10日,11月11日,11月12日,11月13日,11月14日,11月15日,11月16日,11月17日,11月18日,11月19日,11月20日,11月21日,11月22日
广汽本田2020款凌派1:18车模,10,9,8,13,14,15,16,17,18,19,20,21,22,23,24
广汽本田2022款ZR-V致在1:18车模,10,11,12,13,14,15,16,17,18,19,20,21,22,23,24
广汽本田第四代中改款飞度Sport版1:18车模,10,11,12,13,14,15,16,17,18,19,20,21,22,23,24
广汽本田2024款极湃2车模1:18车模,10,11,12,13,14,15,16,17,18,19,20,21,22,23,24
广汽本田2022款极湃1:18车模,10,11,12,13,14,15,16,17,18,19,20,21,22,23,24
广汽本田1：43小车模,10,11,12,13,14,15,16,17,18,19,20,21,22,23,24
小度蓝牙音箱,10,9,8,13,14,15,16,17,18,19,20,21,22,23,24
临时停车号码牌,10,11,12,13,14,15,16,17,18,19,20,21,22,23,24
飞度定制不锈钢杯,10,11,12,13,14,15,16,17,18,19,20,21,22,23,24
飞度定制毛巾,10,11,12,13,14,15,16,17,18,19,20,21,22,23,24
新能源盲盒,10,11,12,13,14,15,16,17,18,19,20,21,22,23,24
小度熊花生马克杯,10,11,12,13,14,15,16,17,18,19,20,21,22,23,24
百度联名运动飞盘,10,9,8,13,14,15,16,17,18,19,20,21,22,23,24
